Abigail Peterson,,abigail.peterson39@example.com,,
Aka Foster,,aka@test.com,,
Anita Oliver,,anita.oliver32@example.com,,
Audrey Peterson,,audrey.peterson25@example.com,,
Beth Evans,,beth.evans77@example.com,,
Billy Kyle,,info@yourcompany.com,,
Bloem GmbH,+49 30 12345678,flower@example.com,Berlin,Germany
Cherry Nelson,,cry@test.com,,
Doris Cole,,doris.cole31@example.com,,
Eli Lambert,,eli.lambert22@example.com,,
Ernest Reed,,ernest.reed47@example.com,,
Jeffrey Kelly,,jeffrey.kelly72@example.com,,
Jennie Fletcher,,jennie.fletcher76@example.com,,
John doe,,j.doe@example.com,,
Keith Byrd,,keith.byrd52@example.com,,
Paul Williams,,paul.williams59@example.com,,
Rachel Perry,,jod@odoo.com,,
Randall Lewis,,randall.lewis74@example.com,,
Ready Mat,(803)-873-6126,info@deltapc.example.com,Tracy,United States
Reno Airfield,,,Reno,United States
Ronnie Hart,,ronnie.hart87@example.com,,
Sharlene Rhodes,,sharlene.rhodes49@example.com,,
Tina Williamson,,tina.williamson98@example.com,,
Toni Jimenez,,toni.jimenez23@example.com,,
Walter Horton,,walter.horton80@example.com,,
